course_code,title,credits,prerequisites,description,school
CGS 2821,Introduction to Website Design,3,,"This course teaches proper website design techniques to students from all degree programs. Topics include visual design and graphics, information architecture, usability and accessibility, communication, adaptation to audience, markup languages, and development tools and processes. Coursework is focused on applying website design principles and techniques to projects in the students' disciplines. The course is gauged for beginners who are computer competent; it does not teach computer programming.",School of Information
COP 2258,Problem Solving with Object-Oriented Programming,3,,"The ability to solve problems creatively using computational methods has become important to professionals in many disciplines. This interdisciplinary course is designed for students who are not necessarily intent on becoming computer programmers but are interested in understanding the principles that govern Object-Oriented Programming (OOP) and software development in order to assist with problem-solving in their own disciplines. The course addresses a variety of topics including algorithm building principles, problem-solving strategies, how to analyze problems to identify requirements, and how to design an object-oriented solution. Students design, write, and debug computer programs.",School of Information
IDS 2141,Innovation & Emerging Technologies,3,,"Students work with emerging tech that encourages critical thinking, interdisciplinary perspectives, and lifelong learning skills. It introduces students to tools and techniques used to design, develop, and evaluate innovative technologies, guides students through the development of their own innovations, and offers students a perspective on tech innovation through a wide variety of emerging techs.",School of Information
IDS 2144,Information Ethics for the 21st Century,3,,"Identify current information ethics challenges; gain the knowledge, skills, and attitudes required to make informed ethical decisions in the digital age, through observation, practice, comparison, reading, and analyzing the literature about information ethics.",School of Information
IDS 3493,Empowering Health Consumers in the eHealth Era,3,,"This course explores the use of emerging technologies for health education, disease prevention, and chronic disease management. Students will use patient-centered and research-based approaches to assess users' health and information needs in order to design effective eHealth solutions.",School of Information
IDS 3634,Information Literacy & Society,3,,"This course introduces students to the concepts of information literacy and what it means to be information literate in 21st century society. Students will address persistent questions associated with information literacy by learning searching skills, gathering information from primary and derivative sources, and conducting information quality analyses.",School of Information
IDS 3683,The Unintended Consequences of Information Technology,3,,This course explores the societal implications and unintended consequences of information technology. It provides students the opportunity to explore how society's increased reliance on information technology has changed the way we interact with each other and the world around us.,School of Information
LIS 2360,Web Applications Development,3,,"This course introduces students to industry best practices and standards in proper website design and development, using object-oriented programming techniques. Topics include visual design and graphics, information architecture, usability and accessibility, communication, adaptation to audience, markup languages, and development tools and processes. The course provides a solid foundation in computer programming for the web: syntax and data structures, conditionals, objects, scope, the DOM and event handling.",School of Information
LIS 2527,Digital Storytelling in Information Environments,3,,"Digital storytelling uses virtual spaces and digital technologies to support human oral storytelling. This course helps students build their presentation skills through an understanding of the role of storytelling in the context of information environments such as the family, library, school, business, and social media.",School of Information
LIS 2780,Database Concepts,3,,"This course examines relational database management systems using a typical, commercial DBMS. Topics include data modeling, database design, implementation, forms and reports, and remote access to databases. The goal of this course is to provide students with a basic understanding of database design, implementation, and management concepts and techniques.",School of Information
LIS 3021,Technical Communication for the Information Professions,3,,The ability to communicate about technical or specialized topics to various audiences is critical to making information usable and accessible and is an important skill for all information professionals to have. This course emphasizes the principles of clear and effective written and oral communication as applied in information technology fields.,School of Information
LIS 3201,Research and Data Analysis in Information Technology,3,,"This course provides students with an understanding of methods and tools used by information professionals for research and data analysis. It focuses on both quantitative and qualitative methods in information technology professions including surveys, interviews, need assessments, requirements analysis, and transaction log analysis.",School of Information
LIS 3353,Information Technologies,3,,"This course provides a solid foundation in the fundamental concepts, theories and principles in information technology and discusses critical issues surrounding their use and how they impact everyday life. An understanding of the concepts and principles underlying the design and use of digital devices, computer hardware, software, telecommunications, networking and multimedia is an integral part of any IT curriculum.",School of Information
LIS 3706,Information Systems and Services,3,LIS 2780,"This course provides an overview of information systems concepts and practice including system management, maintenance, assurance, and reporting services, physical and human resources. It includes an introduction to information system hardware components, operating systems, scripting languages, with practical training in databases and networked servers.",School of Information
LIS 3778,Cybersecurity for Digital Citizenship,3,,"This course provides a series of up-to-date topical lectures and discussions on state-of-the-art cybersecurity that will orient the digital citizen for the future. The course prepares students to understand the most common cyber-threat types, hacking techniques and fundamental protection strategies.",School of Information
LIS 3781,Advanced Database Management,3,LIS 3784,"This course explores various topics in database management systems (DBMS), using a typical commercial DMBS (e.g., MySQL, SQL Server, Oracle). Administration, security, stored procedures, triggers, transactions, functions, data mining, data warehousing, and remote access to databases are some of the topics covered.",School of Information
LIS 3784,Intermediate Database Management,3,LIS 2780,"Database analysis transcends a wide range of skills from basic modeling analysis to understanding users, what they do, as well as statistical analysis and data-mining. This course examines relational database management systems using a typical, commercial DBMS, such as Microsoft Access and/or MySQL and Oracle.",School of Information
LIS 3793,Information Architecture,3,,"This course provides an introduction to the scope and methods of information architecture, including project strategy; project scope; audience research; organization schemes, categories, and labels; identifying functional and content requirements; and interface design.",School of Information
LIS 4022,Writing for the Information Professions,3,,"Offers practical hands-on experience with forms and practices of technical and professional writing, including documentation, correspondence, audience analysis, writing for social media, evaluation, and review.",School of Information
LIS 4331,Advanced Mobile Applications Development,3,LIS 4381,"This concepts- and projects-oriented course examines advanced techniques of mobile application design and development. Course applications will utilize and integrate specific mobile device features involving interface design and testing, with a priority on data handling and validation methods, life cycle events, local and remote process services, location based facilities, device sensors, network and web application programming interfaces (APIs).",School of Information
LIS 4351,User Experience Design,3,,"This course provides a comprehensive overview of the user experience design process, and is intended to familiarize students with the methods, concepts, and techniques necessary to make user experience design an integral part of developing information interfaces.",School of Information
LIS 4368,Advanced Web Applications Development,3,"LIS 2780, LIS 2360, COP 2258","This course provides a foundation in developing web applications with an emphasis on server-side concepts, tools and methods. Topics include basic web application programming, advanced object-oriented programming (OOP) and web application development.",School of Information
LIS 4369,Extensible Enterprise Solutions,3,"LIS 2360, LIS 2780, COP 2258","Application design and development are much needed skills in current professional job markets. Procedural programming, as well as object-oriented programming (OOP), are widely accepted and used methodologies for designing modern systems.",School of Information
LIS 4376,Artificial Intelligence Applications,3,"LIS 2780, COP 2258","This course is an explorative introduction into artificial intelligence. AI and its related fields are used in many areas: business and health analytics, security, energy production, image and biometric analysis and recognition, weather forecasting.",School of Information
LIS 4380,Social Media Management,3,,"This course explores the tools and techniques of professional social media management through hands-on work with designing and managing social media campaigns. Students participating in this class will actively design, implement, and coordinate a series of social media management tasks.",School of Information
LIS 4381,Mobile Web Application Development,3,"LIS 2360, LIS 2780, COP 2258",This course focuses on concepts and best practices for developing and managing 'mobile-first' technology projects. It covers processes and requirements for developing mobile web applications and principles for effective interface and user experience design.,School of Information
LIS 4480,Information Technology Leadership,3,,"This course focuses on leadership which includes individual and group communication, project planning, strategy, and individual development, with a focus on Information Technology and its uses. Projects focus on exposing, engaging, and recruiting women and minorities to the IT/computing field, promoting the IT/ICT major, community technology engagement, and K-12 tech initiatives.",School of Information
LIS 4482,Introduction to Networks and Telecommunications,3,,"A foundation course in networking technologies and management of modern data networks, with emphasis on the building blocks of local area networks. Subjects covered include networking architectures, topologies, models, layers, protocols, IP subnetting, equipment, operating systems, security and various tools/utilities.",School of Information
LIS 4488,Network Administration for the Information Professional,3,LIS 4482,"This course focuses on the planning, design, configuration, operation, and management of computer networks containing data communication devices, servers, workstations, and networked applications and support systems.",School of Information
LIS 4701,Information & Data Visualization,3,"LIS 2360, COP 2258, LIS 2780","This course examines the theory and practice of data visualization, with a focus on using programming languages to create graphics. Students explore how visual representations shape perception, enhance communication, and support evidence-based inquiry.",School of Information
LIS 4708,IT Professions,3,"LIS 3021 or MMC 2000, LIS 3353",This course is designed to assist graduating seniors to articulate what they have learned from their training through the preparation of an Interactive Resume and Career Portfolio. Class discussions and assignments will help students prepare for their chosen career path.,School of Information
LIS 4761,Data Mining and Analytics,3,"LIS 2780, LIS 3201 (co-req ok)","This course provides an intro to data analytics, which uses statistical and quantitative analysis, predictive and exploratory models to drive decisions and actions from data. Students learn basic concepts and algorithms for data exploration, data cleaning, predictive modeling, clustering, and text mining.",School of Information
LIS 4774,Information Security,3,,"This course provides a comprehensive, integrated and up-to-date overview of computing security. Topics include cybersecurity overview, cryptographic tools, user authentication, access control, malicious software, denial-of-service attacks, intrusion detection, firewalls and intrusion prevention systems, and buffer overflow.",School of Information
LIS 4776,Advanced Health Informatics,3,LIS 4785,This course introduces students to emerging technological solutions that can help improve healthcare delivery and healthcare decision-making. It builds upon and extends the foundations presented in the basic health informatics course.,School of Information
LIS 4777,Advanced Information Security,3,LIS 4774,"This course offers advanced knowledge and skillsets on cyberinfrastructure security and contemporary issues in cybersecurity. Students will form teams to build their cyber defense systems and perimeters (as blue teams), and then conduct penetration testing (as red teams) in simulated live networks.",School of Information
LIS 4785,Introduction to Health Informatics,3,,The growth of healthcare in the economy has generated the need for skilled information professionals specifically knowledgeable about emerging technical solutions that can help improve healthcare delivery and health decision making.,School of Information
LIS 4910,Information Technology Project,3,"LIS 3021 or MMC 2000, LIS 3353","This course provides students with a broad perspective of project management through an information technology project. Students develop IT project management skills, IT product development, and hands-on experience.",School of Information
ADV 3001,Advertising Strategy,3,Admission to Advertising major,This foundation course in advertising explores creativity in a workshop environment.,School of Communication
ADV 3008,Principles of Advertising,3,,"This course explores advertising and promotion as related to level of economic growth, cultural influences, and sociolegal environments.",School of Communication
ADV 3352,Mass Media Law,3,,"This course offers a comprehensive review of laws, rules, and regulations affecting both the advertising and broadcast industries as well as other forms of mass media. Topics include libel, slander, invasion of privacy, gathering of information, and copyright laws.",School of Communication
ADV 3410,Hispanic Marketing Communication,3,,This course prepares undergraduate students to become educated decision makers and consumers of information regarding U.S. Hispanic marketing communication issues.,School of Communication
ADV 3801,Advertising Team I,3,Instructor permission,This course is application-based and provides students with the opportunity to develop a complete Integrated Marketing Communication campaign plan as part of the National Student Advertising Competition sponsored by the American Advertising Federation.,School of Communication
ADV 3823,Advertising Team II,3,Instructor permission,"This is the second of a two-course sequence focused on campaign execution, developing a complete Integrated Marketing Communication campaign plan as part of the National Student Advertising Competition.",School of Communication
ADV 4105,Advertising Copywriting,3,,"This course is designed for advertising majors. The course explores different types of ad writing and allows students to work on exercises that reinforce styles, grammar, and conciseness.",School of Communication
ADV 4300,Media Planning,3,"ADV 3008, COM 3310","This course explores the coordination of advertising and marketing research, planning, creative strategy, and selection of media and production activities leading to the development of advertising campaigns.",School of Communication
ADV 4411,Multicultural Marketing Communication,3,,This course is geared to train students to become effective communicators and marketers when reaching out to multicultural society.,School of Communication
ADV 4603,Account Planning,3,,"This course teaches students how to become resourceful, creative, and strategic to represent the consumer's voice in planning a marketing communication campaign, emphasizing applied research in consumer insights building, brief creative writing, debriefing, and strategic planning.",School of Communication
COM 2080,Online Communication and Presence,3,,"This course provides students with theoretical background and practical experience in constructing messages for online communication, as well as managing self-presentation and professional relationships in the online environment.",School of Communication
COM 2740,Contemporary Issues in Communication,3,,"This course introduces contemporary issues in communication, including communication as an academic discipline, a major business and governmental policy sector, and a professional career.",School of Communication
COM 3070,Careers in Communication,3,Admission to Media/Communication Studies,"This course is designed to help Media/Communication Studies students identify career goals, analyze career fields in communication, create a resume and cover letter, and demonstrate interviewing skills.",School of Communication
COM 3110,Communication for Business and the Professions,3,,"This workplace-oriented course provides practical education and experience in the performance of informative, persuasive, and special occasion speeches through individual and group presentations.",School of Communication
COM 3310,Communication Research Methods,3,,"This course is an introduction to communication research methods. It examines survey, experimental, observational, and content analysis methods, along with philosophy of science, research design, measurement, sampling, data collection, analysis, interpretation, and reporting.",School of Communication
COM 3332,New Communication Technology and Contemporary Society,3,,"This course relates the development and the use of new communication technologies to a variety of issues, such as social, economic, health, and policy implications.",School of Communication
COM 3420,Media Culture and the Environment,3,,"This course examines the role of language and representation in our understanding of the natural world, examining news media coverage of environmental issues, environmental images in popular culture, and communication strategies of environmental organizations.",School of Communication
COM 3432,Media Representation,3,,"This course explores, observes, discusses, and understands the functions and effects of the ways in which global media represents marginalized peoples and communities.",School of Communication
COM 3421,Queer Studies,3,,This course reviews and explores the foundational concepts of queer theory and queer history.,School of Communication
COM 3510,Political Communication and Campaigning,3,,"This course explores campaigns, elections, and American politics in a communication framework, including planning campaign strategies.",School of Communication
COM 3521,Digital Media Campaigns,3,,"This course introduces important ethical issues in developing digital media campaigns as well as providing practical experience in writing, designing, and executing a digital media campaign strategy.",School of Communication
COM 4470,Desktop Multimedia,3,,This course provides overview of operations and applications of software packages; principles of design and presentation for print-based as well as audio-visual productions.,School of Communication
COM 4560,Social Marketing,3,MMC 2000 or PUR 3000,"This course is an overview and application of social marketing principles and campaigns, designed to familiarize students with current theory and provide experience planning a social marketing campaign.",School of Communication
COM 4561,Social Media Campaigns,3,,"This course prepares students to design and implement a social media campaign, and introduces them to the social, political, and ethical contexts of using new technologies.",School of Communication
COM 4712,Writing to Persuade,3,,This course teaches students how to identify and apply the persuasive techniques and strategies for writing in a way that influences audiences to think and act in certain ways.,School of Communication
IDS 2460,Global and Intercultural Communication,3,,"This course introduces students to theories, processes, and practices of effective communication across cultures, underscoring ideas of global communication as inter-cultural communication.",School of Communication
IDS 2490,Social Responsibility (Rhetorically Speaking),3,,This course acquaints students with the principles of communication and the role it plays in social justice movements.,School of Communication
IDS 2491,Communication Matters - Personal Responsibility in Public Speaking,3,,This course covers both the principles of and the practical experience of public speaking with an emphasis on personal responsibility.,School of Communication
IDS 3164,Media Culture and the Environment,3,,"This course examines the role of language and representation in our understanding of the natural world, examining news media coverage of environmental issues and communication strategies of environmental organizations.",School of Communication
MMC 2000,Introduction to the Mass Media,3,,This course covers a historical and social overview of the mass media and their relationship to the mass communication process in a modern society.,School of Communication
MMC 3464,Positive Media Psychology,3,,"This course focuses on the positive effects of media use and examines the ways that media can inspire audiences, affect positive emotions, influence prosocial attitudes and behaviors, and improve well-being.",School of Communication
MMC 3505,Documentary Film History Theory and Practice,3,Admission to a major in the School of Communication,"This course surveys major trends in the documentary film tradition from the early 20th century until today, exploring expository, experimental, aesthetic, and rhetorical documentary practices.",School of Communication
MMC 3703,Media Sports and Society,3,MMC 2000,"This course introduces students to various aspects of the sports-media relationship, including the history, industries, audiences, and social issues that arise from the relationship.",School of Communication
MMC 4200,Media Law and Digital Innovation,3,"MMC 2000, admission to School of Communication major","This course reviews legal principles related to digital communication media, and law and policy questions encountered in innovation in media content production, distribution and use in online and new media platforms.",School of Communication
MMC 4203,Media Ethics,3,MMC 2000 or RTV 3001,"This course surveys the ethical principles, standards, and problems in the practice of journalism, advertising, and/or public relations.",School of Communication
MMC 4300,Diffusion of Innovations,3,,"This course is an analysis of the process of change, particularly from the standpoint of how communication is used in the introduction, spread, and adoption of new ideas, behaviors, and products within a society.",School of Communication
MMC 4302,Comparative and International Media Studies,3,,This course is an examination of various international and national media systems and the elements which determine the type of media currently operating throughout the world.,School of Communication
MMC 4504,Writing Media Criticism,3,,"This course investigates media criticism with an emphasis on composition, focusing on dominant critical perspectives that contribute to our understanding of media and its role in society.",School of Communication
MMC 4602,Mass Media and Society,3,MMC 2000,"This course is an analysis of the effects of mass media on public opinion and behavior, including a review of social science research exploring the impact of TV on children and others.",School of Communication
MMC 4641,Political Economy of Media,3,MMC 2000 or RTV 3001,This course covers the structure and functions of U.S. and other mass-communication systems as well as their relationship to the political and economic systems.,School of Communication
MMC 4744,Digital Games,3,,"This course analyzes existing games as interactive entertainment media, covering history, effects, player characteristics, moral aspects, community, and application to a variety of contexts.",School of Communication
ORI 3004,Performance Studies,3,,"This course allows students to collect, analyze, and perform personal narratives and everyday conversations.",School of Communication
PUR 3000,Introduction to Public Relations,3,,This course introduces the student to the principles and practices of the public relations profession throughout all organizations using public relations.,School of Communication
PUR 3002,Public Relations Strategy,3,"PUR 3000, PUR 3100",This course covers the tools and techniques of public relations. Students learn the application of public relations principles.,School of Communication
PUR 3100,Writing for Public Relations,3,PUR 3000,This course is designed to develop professional-level writing skills for public relations.,School of Communication
PUR 4400,Crisis Communication,3,,"This course is an advanced undergraduate seminar focusing on the theoretical analysis, practical strategies, and assessments of implications for all publics of national and international crisis communication situations.",School of Communication
PUR 4800,Public Relations Campaigns,3,"PUR 3000, PUR 3002, PUR 3100","This is the capstone course for all undergraduate public relations students, focusing on the design and implementation of a public relations campaign using original research, integrated strategies, a comprehensive campaign plan, and detailed collateral material.",School of Communication
RTV 3001,Media Techniques,3,,This course introduces students to basic principles and terminology associated with the aesthetics of film making and television production.,School of Communication
RTV 3101,Writing for the Electronic Media,3,,"This course teaches non-fiction writing for recently evolved electronic media, fostering an understanding of writing for television, radio, social media, blogs, podcasts, vlogs, webisodes, and other forms of electronic media.",School of Communication
RTV 3531,Single-Camera Video Production,3,RTV 3571 corequisite,"This course addresses direction and production of single-camera video projects including camera, audio, lighting, and linear editing.",School of Communication
RTV 3543,Multiple Camera Studio Production,3,Admission to Digital Media Production major,This course is a professional experience course designed to give students experience operating various roles in a multi-camera production environment.,School of Communication
RTV 3571,Digital Media Production Workshop,3,RTV 3531 corequisite,"This course consists of advanced editing and postproduction techniques applied to field and studio projects, with emphasis on digital non-linear editing systems.",School of Communication
RTV 3602,Television Interviewing and Hosting,3,,This course introduces students to on-camera interviewing and hosting of news and public affairs programs including research and writing components.,School of Communication
RTV 3610,Computer Graphics and Animation,3,"RTV 3531, RTV 3571",This course studies the design and production of computer-generated graphics and animation for video projects.,School of Communication
RTV 3611,3D Video Animation,3,,"This course covers the techniques used to prepare, create, and post-produce 3D graphics and animation with video.",School of Communication
RTV 3680,Video Workshop,3,Communication major status,This course is designed for students to gain experience in the production of television programs and video projects.,School of Communication
RTV 3941,Radio Practicum,3,Instructor permission,This course consists of radio work and day-to-day broadcast operations with an emphasis on practical application in management or advanced roles at the student radio station.,School of Communication
RTV 4291,Advocacy Video Theory and Practice,3,"RTV 3531, RTV 3571, admission to Media Production major",This course explores the theory and practice of short-form video production and examines social media distribution possibilities for these videos.,School of Communication
RTV 4332,Documentary Video Production,3,"RTV 3531, RTV 3571","This course offers instruction in the theory and practice of production of non-fiction documentary video, producing a final video product after studying the documentary tradition, theory, and history.",School of Communication
RTV 4334,Immersive Documentary Production,3,Admission to Digital Media Production major,"This course explores the ways that immersive media is being used to tell reality-based stories, developing working prototypes of immersive documentaries.",School of Communication
RTV 4467,Television Practicum,3,"RTV 3531, RTV 3571",This course consists of producing and directing television programs and video projects.,School of Communication
RTV 4571,Advanced Post-Production,3,Admission to Digital Media Production major,"This course is a hands-on introduction to editing for digital video, covering compression and codecs, video editing, basic motion graphics, color correction, audio editing, and exporting.",School of Communication
RTV 4582,Advanced Lighting and Cinematography,3,,"This course focuses on advanced lighting and cinematography theory, techniques, and aesthetics, with students producing original content over the semester.",School of Communication
RTV 4595,Immersive Video Production,3,"RTV 3531, RTV 3571, admission to DMP major","This course explores new camera technology and software for post-production of immersive media, identifying best practices for producing, shooting, editing and displaying immersive video products.",School of Communication
RTV 4682,Advanced Feature Production,3,"RTV 3531, RTV 3571","This course gives students professional production experience acting as production crew on program features, including videography, editing, audio, and graphic design.",School of Communication
RTV 4686,Advanced Feature Reporting,3,RTV 3602 corequisite,"This course gives students scriptwriting, producing, voiceover and on-camera experience while promoting FSU through creative and informative visual storytelling.",School of Communication
RTV 4800,Broadcast Operations and Management,3,Instructor permission,"This course explores the purpose, function, organization, and management of broadcast operations with an emphasis on advanced application, understanding, and skills-building.",School of Communication
SPC 1017,Fundamentals of Speech,3,,"This course provides a survey and application of communication theory, including interpersonal communication, small group communication, and public speaking.",School of Communication
SPC 2608,Public Speaking,3,,This course covers the principles of and the practical experience of public speaking. The course is required of all majors.,School of Communication
SPC 2730,Global Perspectives Communication,3,,This course gives students an introduction to the basic processes of intercultural communication from a global perspective.,School of Communication
SPC 3210,Contemporary Human Communication,3,,"This introductory course surveys current scholarship in five areas of communication theory: group, rhetorical, interpersonal, legal, and performance communication.",School of Communication
SPC 3233,Classical Rhetoric,3,SPC 3210 recommended,"This course allows students to examine the origins of rhetorical theory during the classical period, emphasizing ideas on rhetoric of Plato, Aristotle, Cicero, and Quintillian.",School of Communication
SPC 3301,Interpersonal Communication,3,,"This course is a survey of recent literature on interpersonal communication including such topics as self-concept, emotional behavior, interpersonal conflict, and interpersonal attraction.",School of Communication
SPC 3331,Nonverbal Communication,3,,"This course is a review of recent literature on nonverbal communication including such topics as kinesics, proxemics, kinesthetic behavior, environment, physical characteristics, and personal appearance.",School of Communication
SPC 3644,Art and Entertainment The Hidden Persuaders,3,,This course is an analysis of drama as an instrument for advancing a political or social thesis.,School of Communication
SPC 4540,Persuasion,3,,"This course is a study of the psychology of attitude formation and change, covering theories of persuasion and principles of persuasive communication across multiple contexts.",School of Communication
SPC 4605,The Principles of Speechwriting,3,SPC 2608 corequisite,"This course explores the history and principles of speechwriting, the ethical issues involved, and speechwriting skills based on sound principles of communication.",School of Communication
SPC 4680,Methods of Rhetorical Criticism,3,SPC 3231 or SPC 3233 recommended,"This course examines methods for the practice of doing criticism of rhetorical discourse, covering Aristotelian, Metaphor, narrative, post-modern, and cultural approaches to the analysis of texts.",School of Communication
SPC 4710,Interracial Intercultural Communication,3,SPC 3210,This course helps students gain knowledge of the theory and process of interracial and intercultural communication.,School of Communication
SPC 4711,Gender and Communication,3,,This course is designed to help students gain knowledge of the theory and process of gender communication (about and between genders) from an interpersonal context perspective.,School of Communication
