course_code,skill,skill_category
LIS 2780,database management,Technical/IT
LIS 3778,cybersecurity,Technical/IT
LIS 3781,database management,Technical/IT
LIS 3781,SQL,Technical/IT
LIS 3784,database management,Technical/IT
LIS 4331,API,Technical/IT
LIS 4376,AI,Technical/IT
LIS 4380,social media management,Communications/Marketing
LIS 4701,data visualization,Technical/IT
LIS 4761,data analytics,Technical/IT
LIS 4774,cybersecurity,Technical/IT
LIS 4777,cybersecurity,Technical/IT
LIS 4910,project management,Technical/IT
MMC 4203,public relations,Communications/Marketing
PUR 3000,public relations,Communications/Marketing
PUR 3002,public relations,Communications/Marketing
PUR 3100,public relations,Communications/Marketing
PUR 4400,crisis communication,Communications/Marketing
PUR 4800,public relations,Communications/Marketing
RTV 4291,video production,Communications/Marketing
RTV 4682,graphic design,Communications/Marketing
