job_id,skill,skill_category
5762420229,cybersecurity,Technical/IT
5793850209,cybersecurity,Technical/IT
5746381434,cybersecurity,Technical/IT
5737369715,project management,Technical/IT
5793473213,cybersecurity,Technical/IT
5703863502,cybersecurity,Technical/IT
5780806747,SQL,Technical/IT
5693380222,AI,Technical/IT
5776904562,AI,Technical/IT
5794838102,SQL,Technical/IT
5764758414,SQL,Technical/IT
5790375425,SQL,Technical/IT
5769926454,SQL,Technical/IT
5701530382,SQL,Technical/IT
5777178960,SQL,Technical/IT
5770017155,SQL,Technical/IT
5767378185,SQL,Technical/IT
5794920588,SQL,Technical/IT
5797084589,SQL,Technical/IT
5795985149,SQL,Technical/IT
5793516835,SQL,Technical/IT
5774994627,SQL,Technical/IT
5776903803,SQL,Technical/IT
5795650224,SQL,Technical/IT
5742143215,Python,Technical/IT
5777939068,SQL,Technical/IT
5777051019,SQL,Technical/IT
5770053874,SQL,Technical/IT
5584973308,AI,Technical/IT
5765487471,cybersecurity,Technical/IT
5764758443,network administration,Technical/IT
5757458177,network administration,Technical/IT
5760609257,AI,Technical/IT
5784380020,network administration,Technical/IT
5740537478,network administration,Technical/IT
5757769700,network administration,Technical/IT
5787507865,AI,Technical/IT
5787507865,cybersecurity,Technical/IT
5689245828,network administration,Technical/IT
5770111819,Python,Technical/IT
5759312895,cybersecurity,Technical/IT
5792910984,AI,Technical/IT
5792910984,cybersecurity,Technical/IT
5792910984,data analytics,Technical/IT
5780725257,AI,Technical/IT
5790617991,cybersecurity,Technical/IT
5793494854,API,Technical/IT
5793494854,SQL,Technical/IT
5772978025,JavaScript,Technical/IT
5772978025,Python,Technical/IT
5772978025,CSS,Technical/IT
5772978025,HTML,Technical/IT
5714845465,AI,Technical/IT
5795871677,JavaScript,Technical/IT
5776454030,JavaScript,Technical/IT
5776454030,CSS,Technical/IT
5776454030,HTML,Technical/IT
5761261995,HTML,Technical/IT
5761261995,CSS,Technical/IT
5761261995,digital marketing,Communications/Marketing
5748077179,UI design,Technical/IT
5748077179,SEO,Communications/Marketing
5728161613,SQL,Technical/IT
5785687027,JavaScript,Technical/IT
5785687027,SQL,Technical/IT
5680364595,API,Technical/IT
5786126816,AI,Technical/IT
5786126816,graphic design,Communications/Marketing
5784988749,JavaScript,Technical/IT
5784988749,CSS,Technical/IT
5784988749,HTML,Technical/IT
5784988749,SQL,Technical/IT
5683633370,Python,Technical/IT
5792942708,API,Technical/IT
5791926833,JavaScript,Technical/IT
5791926833,CSS,Technical/IT
5791926833,API,Technical/IT
5791926833,HTML,Technical/IT
5793392968,JavaScript,Technical/IT
5793392968,CSS,Technical/IT
5793392968,HTML,Technical/IT
5795867077,API,Technical/IT
5795867077,SQL,Technical/IT
5786976245,JavaScript,Technical/IT
5786976245,SQL,Technical/IT
5762463670,AI,Technical/IT
5794101441,AI,Technical/IT
5789985137,data visualization,Technical/IT
5792991589,data analytics,Technical/IT
5775687128,data visualization,Technical/IT
5775687128,SQL,Technical/IT
5782229037,SQL,Technical/IT
5760119270,SQL,Technical/IT
5787000841,data analytics,Technical/IT
5787000841,SQL,Technical/IT
5777881357,data analytics,Technical/IT
5777881357,SQL,Technical/IT
5766756408,data visualization,Technical/IT
5790981739,data analytics,Technical/IT
5795665076,SQL,Technical/IT
5792942553,data analytics,Technical/IT
5792942553,SQL,Technical/IT
5744071254,cybersecurity,Technical/IT
5719037702,cybersecurity,Technical/IT
5752873762,cybersecurity,Technical/IT
5793395675,cybersecurity,Technical/IT
5796653061,cybersecurity,Technical/IT
5796967781,cybersecurity,Technical/IT
5794498265,cybersecurity,Technical/IT
5793392371,cybersecurity,Technical/IT
5683624561,cybersecurity,Technical/IT
5786209541,cybersecurity,Technical/IT
5768328951,cybersecurity,Technical/IT
5781564614,cybersecurity,Technical/IT
5782799431,AI,Technical/IT
5782799431,cybersecurity,Technical/IT
5779576755,cybersecurity,Technical/IT
5769612695,cybersecurity,Technical/IT
5792943355,cybersecurity,Technical/IT
5736198668,cybersecurity,Technical/IT
5786840145,cybersecurity,Technical/IT
5792991527,cybersecurity,Technical/IT
5767314500,cybersecurity,Technical/IT
5753705989,cybersecurity,Technical/IT
5787518377,cybersecurity,Technical/IT
5786409336,cybersecurity,Technical/IT
5740502902,cybersecurity,Technical/IT
5778016602,cybersecurity,Technical/IT
5775473502,Python,Technical/IT
5775473502,cybersecurity,Technical/IT
5740541431,cybersecurity,Technical/IT
5740544984,cybersecurity,Technical/IT
5740503433,cybersecurity,Technical/IT
5779280490,cybersecurity,Technical/IT
5740504103,cybersecurity,Technical/IT
5756051222,cybersecurity,Technical/IT
5796594280,cybersecurity,Technical/IT
5791546170,cybersecurity,Technical/IT
5759198593,cybersecurity,Technical/IT
5740557953,cybersecurity,Technical/IT
5762495347,cybersecurity,Technical/IT
5793745683,cybersecurity,Technical/IT
5740502821,cybersecurity,Technical/IT
5740541268,cybersecurity,Technical/IT
5792911001,cybersecurity,Technical/IT
5778614510,cybersecurity,Technical/IT
5740558319,cybersecurity,Technical/IT
5740537031,cybersecurity,Technical/IT
5777563905,cybersecurity,Technical/IT
5744439242,cybersecurity,Technical/IT
5791193493,cybersecurity,Technical/IT
5784931493,cybersecurity,Technical/IT
5740554679,cybersecurity,Technical/IT
5761979390,cybersecurity,Technical/IT
5794236937,AI,Technical/IT
5794406809,AI,Technical/IT
5782098420,UX design,Technical/IT
5782098420,UI design,Technical/IT
5796297052,cybersecurity,Technical/IT
5774201253,AI,Technical/IT
5774147233,UX design,Technical/IT
5774147233,AI,Technical/IT
5738313109,UI design,Technical/IT
5795926864,AI,Technical/IT
5796377948,AI,Technical/IT
5781283113,UI design,Technical/IT
5794237054,graphic design,Communications/Marketing
5794237054,UI design,Technical/IT
5785687661,UX design,Technical/IT
5785687661,UI design,Technical/IT
5727894843,graphic design,Communications/Marketing
5796684146,AI,Technical/IT
5330350523,UI design,Technical/IT
5730004663,AI,Technical/IT
4814464838,UI design,Technical/IT
5676737125,HTML,Technical/IT
5676737125,CSS,Technical/IT
5676737125,UI design,Technical/IT
5762044627,AI,Technical/IT
5762172398,AI,Technical/IT
5787490284,digital marketing,Communications/Marketing
5787526644,digital marketing,Communications/Marketing
5787489253,digital marketing,Communications/Marketing
5787429249,digital marketing,Communications/Marketing
5787489674,digital marketing,Communications/Marketing
5787491045,digital marketing,Communications/Marketing
5626255123,public relations,Communications/Marketing
5535066408,public relations,Communications/Marketing
5764135702,digital marketing,Communications/Marketing
5788557493,digital marketing,Communications/Marketing
5786265502,digital marketing,Communications/Marketing
5788557489,digital marketing,Communications/Marketing
5786265209,digital marketing,Communications/Marketing
5796276872,digital marketing,Communications/Marketing
5796276872,SEO,Communications/Marketing
5763020381,digital marketing,Communications/Marketing
5754889953,digital marketing,Communications/Marketing
5796287993,digital marketing,Communications/Marketing
5716462537,digital marketing,Communications/Marketing
5732062083,digital marketing,Communications/Marketing
5762475254,digital marketing,Communications/Marketing
5762475254,SEO,Communications/Marketing
5681690569,digital marketing,Communications/Marketing
5681690569,SEO,Communications/Marketing
5758791679,digital marketing,Communications/Marketing
5789542755,digital marketing,Communications/Marketing
5768379190,digital marketing,Communications/Marketing
5758728825,digital marketing,Communications/Marketing
5758728825,SEO,Communications/Marketing
5792111782,digital marketing,Communications/Marketing
5741387851,digital marketing,Communications/Marketing
5769089151,digital marketing,Communications/Marketing
5783827718,digital marketing,Communications/Marketing
5775188367,digital marketing,Communications/Marketing
5783827717,digital marketing,Communications/Marketing
5783827719,digital marketing,Communications/Marketing
5783827722,digital marketing,Communications/Marketing
5783827720,digital marketing,Communications/Marketing
5783827721,digital marketing,Communications/Marketing
5735312670,digital marketing,Communications/Marketing
5605904312,digital marketing,Communications/Marketing
5605904312,SEO,Communications/Marketing
5753430651,digital marketing,Communications/Marketing
5753430651,SEO,Communications/Marketing
5793680303,digital marketing,Communications/Marketing
5750166425,digital marketing,Communications/Marketing
5614594360,digital marketing,Communications/Marketing
5769055212,AI,Technical/IT
5769055212,digital marketing,Communications/Marketing
5769055212,SEO,Communications/Marketing
5787421365,digital marketing,Communications/Marketing
5581102299,digital marketing,Communications/Marketing
5750159677,digital marketing,Communications/Marketing
5734718008,digital marketing,Communications/Marketing
5734920241,digital marketing,Communications/Marketing
5777227018,digital marketing,Communications/Marketing
4809891898,digital marketing,Communications/Marketing
5731120132,digital marketing,Communications/Marketing
5788128229,social media management,Communications/Marketing
5788128229,graphic design,Communications/Marketing
5788128229,digital marketing,Communications/Marketing
5770618217,digital marketing,Communications/Marketing
5770618217,public relations,Communications/Marketing
5735035978,digital marketing,Communications/Marketing
5586409500,digital marketing,Communications/Marketing
5730213985,digital marketing,Communications/Marketing
5745357592,digital marketing,Communications/Marketing
5730163046,digital marketing,Communications/Marketing
5753002386,digital marketing,Communications/Marketing
5784928130,digital marketing,Communications/Marketing
5780667651,SEO,Communications/Marketing
5780667651,digital marketing,Communications/Marketing
5780667651,content strategy,Communications/Marketing
5750279589,media planning,Communications/Marketing
5590749209,media planning,Communications/Marketing
5330813878,Excel,Technical/IT
5776008472,market research,Communications/Marketing
5772770240,media planning,Communications/Marketing
5745157272,public relations,Communications/Marketing
5745157317,public relations,Communications/Marketing
5734271698,digital marketing,Communications/Marketing
5759436929,media planning,Communications/Marketing
5745391583,market research,Communications/Marketing
5568634535,digital marketing,Communications/Marketing
5222505863,media planning,Communications/Marketing
5269104448,media planning,Communications/Marketing
5269104448,brand strategy,Communications/Marketing
5787949743,media planning,Communications/Marketing
5706746358,media planning,Communications/Marketing
5793496100,digital marketing,Communications/Marketing
5751438135,digital marketing,Communications/Marketing
5774769570,public relations,Communications/Marketing
5765196765,public relations,Communications/Marketing
5765195840,public relations,Communications/Marketing
4811095940,public relations,Communications/Marketing
5766287294,public relations,Communications/Marketing
5658875450,public relations,Communications/Marketing
5732090168,public relations,Communications/Marketing
5792354962,public relations,Communications/Marketing
5782849012,public relations,Communications/Marketing
5694143290,public relations,Communications/Marketing
5751465545,public relations,Communications/Marketing
5779003903,public relations,Communications/Marketing
5783532527,public relations,Communications/Marketing
5587932713,public relations,Communications/Marketing
5784146688,database management,Technical/IT
5784146688,public relations,Communications/Marketing
5759194425,public relations,Communications/Marketing
5633754460,public relations,Communications/Marketing
5744721674,public relations,Communications/Marketing
5554758134,public relations,Communications/Marketing
5586977366,public relations,Communications/Marketing
5758310490,social media management,Communications/Marketing
5758310490,public relations,Communications/Marketing
5752857126,public relations,Communications/Marketing
5768891767,public relations,Communications/Marketing
5780870717,public relations,Communications/Marketing
5383109275,public relations,Communications/Marketing
5795559644,Excel,Technical/IT
5791600032,public relations,Communications/Marketing
5773551453,public relations,Communications/Marketing
5694987476,AI,Technical/IT
5694987476,public relations,Communications/Marketing
5766455455,public relations,Communications/Marketing
5728779770,public relations,Communications/Marketing
5767744301,public relations,Communications/Marketing
5795153382,public relations,Communications/Marketing
5696302016,AI,Technical/IT
5696302016,public relations,Communications/Marketing
5773023423,public relations,Communications/Marketing
5765651652,copywriting,Communications/Marketing
5768422569,public relations,Communications/Marketing
5765783071,project management,Technical/IT
5683625489,AI,Technical/IT
5790456169,cybersecurity,Technical/IT
5775813945,public relations,Communications/Marketing
5794474784,public relations,Communications/Marketing
5752861337,public relations,Communications/Marketing
5771340404,public relations,Communications/Marketing
5793820630,public relations,Communications/Marketing
5739219070,AI,Technical/IT
5739217780,AI,Technical/IT
5739250436,AI,Technical/IT
5739217672,AI,Technical/IT
5739217777,AI,Technical/IT
5739219100,AI,Technical/IT
5794881487,public relations,Communications/Marketing
5739217669,AI,Technical/IT
5739219071,AI,Technical/IT
5739219074,AI,Technical/IT
5739219064,AI,Technical/IT
5739250553,AI,Technical/IT
5696118716,AI,Technical/IT
5696118745,AI,Technical/IT
5696124293,AI,Technical/IT
5739217667,AI,Technical/IT
5739250438,AI,Technical/IT
5739250543,AI,Technical/IT
5739219805,AI,Technical/IT
5754023434,public relations,Communications/Marketing
5775909290,public relations,Communications/Marketing
5757037908,copywriting,Communications/Marketing
5738658641,AI,Technical/IT
5738345529,AI,Technical/IT
5738387645,AI,Technical/IT
5738365808,AI,Technical/IT
5738483416,AI,Technical/IT
5738480817,AI,Technical/IT
5789986435,AI,Technical/IT
5737195173,AI,Technical/IT
5737427542,AI,Technical/IT
5694093847,AI,Technical/IT
5694265187,AI,Technical/IT
5737432859,AI,Technical/IT
5737547114,AI,Technical/IT
5737416630,AI,Technical/IT
5737381658,AI,Technical/IT
5737315750,AI,Technical/IT
5789985318,AI,Technical/IT
5794365135,social media management,Communications/Marketing
5796339309,digital marketing,Communications/Marketing
5715173556,content strategy,Communications/Marketing
5732696311,content strategy,Communications/Marketing
5793444409,video production,Communications/Marketing
5707991374,video production,Communications/Marketing
4861782096,AI,Technical/IT
5576845711,AI,Technical/IT
5727697413,graphic design,Communications/Marketing
5727697413,video production,Communications/Marketing
5695327235,video production,Communications/Marketing
5790942796,AI,Technical/IT
5762303393,AI,Technical/IT
5454063297,AI,Technical/IT
5766673259,video production,Communications/Marketing
5763389719,digital marketing,Communications/Marketing
5718471426,content strategy,Communications/Marketing
5793142514,digital marketing,Communications/Marketing
5796652552,video production,Communications/Marketing
5778603305,SEO,Communications/Marketing
5412627679,brand strategy,Communications/Marketing
5412627679,video production,Communications/Marketing
5067062215,brand strategy,Communications/Marketing
5067062215,video production,Communications/Marketing
